-- inserciones para empleados
insert into roles (rol, descripcion) values
('Gerente', 'Encargado de la supervisión general y la toma de decisiones estratégicas'),
('Asistente', 'Apoyo en tareas administrativas'),
('Vendedor', 'Atención al cliente y ventas'),
('Cajero', 'Responsable de caja y pagos'),
('Supervisor', 'Supervisión del personal'),
('Analista', 'Análisis de datos e informes'),
('Diseñador', 'Creación de productos y diseño gráfico'),
('Desarrollador', 'Desarrollo de software'),
('Marketing', 'Campañas de publicidad y ventas'),
('Recursos Humanos', 'Gestión de empleados y contratación');

insert into cargos (cargo, sueldo, id_rol) values
('Gerente', 5000000, 1),
('Asistente', 2000000, 2),
('Vendedor', 1500000, 3),
('Cajero', 1400000, 4),
('Supervisor', 3000000, 5),
('Analista', 2500000, 6),
('Diseñador', 2700000, 7),
('Desarrollador', 3200000, 8),
('Marketing', 2800000, 9),
('Recursos Humanos', 2600000, 10);

INSERT INTO empleados (nombre, apellido, celular, fecha_inicio, id_cargo) VALUES
('Juan', 'Pérez', '3100000001', '2020-01-01', 1),
('María', 'González', '3100000002', '2020-02-01', 2),
('Carlos', 'Rodríguez', '3100000003', '2020-03-01', 3),
('Ana', 'Martínez', '3100000004', '2020-04-01', 4),
('Luis', 'Hernández', '3100000005', '2020-05-01', 5),
('Lucía', 'López', '3100000006', '2020-06-01', 6),
('Miguel', 'Gómez', '3100000007', '2020-07-01', 7),
('Sofía', 'Díaz', '3100000008', '2020-08-01', 8),
('José', 'Castro', '3100000009', '2020-09-01', 9),
('Laura', 'Ramírez', '3100000010', '2020-10-01', 10),
('Francisco', 'Torres', '3100000011', '2021-01-01', 1),
('Marta', 'Flores', '3100000012', '2021-02-01', 2),
('Pedro', 'Ramos', '3100000013', '2021-03-01', 3),
('Elena', 'Ortega', '3100000014', '2021-04-01', 4),
('Diego', 'Vargas', '3100000015', '2021-05-01', 5),
('Carmen', 'Morales', '3100000016', '2021-06-01', 6),
('Andrés', 'Jiménez', '3100000017', '2021-07-01', 7),
('Valeria', 'Ruiz', '3100000018', '2021-08-01', 8),
('Ricardo', 'Navarro', '3100000019', '2021-09-01', 9),
('Natalia', 'Mendoza', '3100000020', '2021-10-01', 10),
('Fernando', 'García', '3100000021', '2022-01-01', 1),
('Daniela', 'Vega', '3100000022', '2022-02-01', 2),
('Santiago', 'Molina', '3100000023', '2022-03-01', 3),
('Paola', 'Suárez', '3100000024', '2022-04-01', 4),
('Javier', 'Ortiz', '3100000025', '2022-05-01', 5),
('Adriana', 'Cruz', '3100000026', '2022-06-01', 6),
('Roberto', 'Acosta', '3100000027', '2022-07-01', 7),
('Gabriela', 'Santos', '3100000028', '2022-08-01', 8),
('Alejandro', 'Méndez', '3100000029', '2022-09-01', 9),
('Verónica', 'Rivas', '3100000030', '2022-10-01', 10),
('Sebastián', 'Carrillo', '3100000031', '2023-01-01', 1),
('Isabel', 'Álvarez', '3100000032', '2023-02-01', 2),
('Camilo', 'Núñez', '3100000033', '2023-03-01', 3),
('Silvia', 'Mora', '3100000034', '2023-04-01', 4),
('Guillermo', 'Cortes', '3100000035', '2023-05-01', 5),
('Cristina', 'Fuentes', '3100000036', '2023-06-01', 6),
('Oscar', 'Peña', '3100000037', '2023-07-01', 7),
('Diana', 'Salinas', '3100000038', '2023-08-01', 8),
('Felipe', 'Rojas', '3100000039', '2023-09-01', 9),
('Claudia', 'Maldonado', '3100000040', '2023-10-01', 10),
('Eduardo', 'Blanco', '3100000041', '2024-01-01', 1),
('Lorena', 'Espinosa', '3100000042', '2024-02-01', 2),
('Hugo', 'Sosa', '3100000043', '2024-03-01', 3),
('Patricia', 'Arias', '3100000044', '2024-04-01', 4),
('Rodrigo', 'Campos', '3100000045', '2024-05-01', 5),
('Monica', 'Guerrero', '3100000046', '2024-06-01', 6),
('Álvaro', 'Reyes', '3100000047', '2024-07-01', 7),
('Beatriz', 'Herrera', '3100000048', '2024-08-01', 8),
('David', 'Guzmán', '3100000049', '2024-09-01', 9),
('Sandra', 'Ibarra', '3100000050', '2024-10-01', 10);


insert into usuarios (nombre_usuario, contrasena, id_empleado) values
('j.perez', 'password123', 1),
('m.gonzalez', 'password123', 2),
('c.rodriguez', 'password123', 3),
('a.martinez', 'password123', 4),
('l.hernandez', 'password123', 5),
('l.lopez', 'password123', 6),
('m.gomez', 'password123', 7),
('s.diaz', 'password123', 8),
('j.castro', 'password123', 9),
('l.ramirez', 'password123', 10),
('f.torres', 'password123', 11),
('m.flores', 'password123', 12),
('p.ramos', 'password123', 13),
('e.ortega', 'password123', 14),
('d.vargas', 'password123', 15),
('c.morales', 'password123', 16),
('a.jimenez', 'password123', 17),
('v.ruiz', 'password123', 18),
('r.navarro', 'password123', 19),
('n.mendoza', 'password123', 20),
('f.garcia', 'password123', 21),
('d.vega', 'password123', 22),
('s.molina', 'password123', 23),
('p.suarez', 'password123', 24),
('j.ortiz', 'password123', 25),
('a.cruz', 'password123', 26),
('r.acosta', 'password123', 27),
('g.santos', 'password123', 28),
('a.mendez', 'password123', 29),
('v.rivas', 'password123', 30),
('s.carrillo', 'password123', 31),
('i.alvarez', 'password123', 32),
('c.nunez', 'password123', 33),
('s.mora', 'password123', 34),
('g.cortes', 'password123', 35),
('c.fuentes', 'password123', 36),
('o.pena', 'password123', 37),
('d.salinas', 'password123', 38),
('f.rojas', 'password123', 39),
('c.maldonado', 'password123', 40),
('e.blanco', 'password123', 41),
('l.espinosa', 'password123', 42),
('h.sosa', 'password123', 43),
('p.arias', 'password123', 44),
('r.campos', 'password123', 45),
('m.guerrero', 'password123', 46),
('a.reyes', 'password123', 47),
('b.herrera', 'password123', 48),
('d.guzman', 'password123', 49),
('s.ibarra', 'password123', 50);

-- metodos de pago
insert into metodos (metodo) values 
('Efectivo'), 
('Tarjeta de crédito'), 
('Tarjeta de débito'), 
('Transferencia bancaria');

-- proveedores

insert into tipos_proveedores (tipo_proveedor) values 
('Mayorista'), ('Minorista'), ('Distribuidor'), ('Fabricante');

insert into proveedores (nombre, celular, id_tipo_proveedor) values 
('Distribuidora Global S.A.', '3157891234', 1),
('Fantasías del Norte S.A.S.', '3154567890', 2),
('Importaciones y Exportaciones del Oriente', '3151234567', 3),
('Fábrica de Textiles el Águila', '3159876543', 4),
('Proveedora de Disfraces Ltda.', '3156543210', 1),
('Ropa y Disfraces Ltda.', '3157418523', 2),
('Moda y Estilo S.A.', '3152583690', 1),
('Disfraces al Mayor', '3153692587', 3),
('Calzado Martínez S.A.S.', '3151597538', 4),
('La Casa de los Disfraces', '3157539516', 2),
('Accesorios Exclusivos', '3159517534', 3),
('Textiles de Colombia Ltda.', '3157896541', 1),
('Distribuidora Nacional de Ropa', '3159638521', 1),
('Proveedora Textil S.A.S.', '3156547895', 4),
('Fantasías y Accesorios S.A.', '3157893215', 2),
('La Fábrica del Disfraz', '3153216549', 4),
('Ropa Deportiva Exclusiva', '3152581476', 3),
('Accesorios y Más S.A.', '3151472589', 4),
('Comercializadora de Disfraces Ltda.', '3153691475', 1),
('Ropa del Sur Ltda.', '3158529638', 2),
('Fábrica de Calzado Global S.A.S.', '3159638572', 3),
('Distribuidora de Moda S.A.', '3157418593', 1),
('Accesorios del Norte', '3159512586', 4),
('Fábrica de Vestimenta Latina', '3153697420', 3),
('La Tienda del Disfraz Ltda.', '3157891478', 2),
('Distribuidora Estilo S.A.', '3151479639', 1),
('Comercializadora Internacional Ltda.', '3158527412', 2),
('Fantasías y Más S.A.', '3153698522', 3),
('Proveedora Nacional de Disfraces', '3157419653', 1),
('Zapatería Martínez', '3157892586', 2),
('Accesorios y Ropa Latina S.A.', '3153217897', 3),
('Distribuidora Fashion Trends', '3157896545', 1),
('La Casa del Accesorio Ltda.', '3159513573', 2),
('Fábrica de Disfraces y Más', '3159631479', 4),
('Comercializadora Exclusiva S.A.', '3151594865', 1),
('Accesorios de Ensueño S.A.S.', '3157531478', 2),
('Distribuidora Moderna', '3154567894', 1),
('La Bodega del Disfraz Ltda.', '3158529637', 3),
('Fábrica de Textiles Nacional', '3157891245', 4),
('Distribuidora Élite S.A.S.', '3159517539', 1),
('Comercializadora del Disfraz Ltda.', '3157896571', 2),
('Ropa y Accesorios de Moda', '3159637416', 4),
('Proveedora Nacional de Disfraces', '3154568526', 1),
('Distribuidora de Disfraces S.A.S.', '3159631473', 3),
('Fábrica de Textiles del Sur', '3159517560', 4),
('Comercializadora Fantasía', '3158527895', 2),
('Moda Internacional S.A.', '3157894562', 3),
('La Casa del Estilo', '3159513571', 1);

-- productos
insert into tallas(talla) values ('S'), ('M'), ('L'), ('XL'), ('XXL');

insert into categorias (categoria) values ('Ropa'), ('Disfraces'), ('Accesorios'), ('Calzado');

insert into tipos (tipo) values ('Disfraz'), ('Accesorio'), ('maquillaje'), ('Calzado');

insert into generos (genero) values ('Masculino'), ('Femenino'), ('Unisex');

insert into clasificaciones (clasificacion) values ('Primera Calidad'), ('Económico'), ('niños'), ('adultos');

insert into productos (nombre, descripcion, precio, id_clasificacion, id_tipo, id_genero, id_proveedor) values
-- Disfraces
('disfraz de vampiro', 'disfraz oscuro con capa', 75000, 1, 1, 1, 1),
('disfraz de zombi', 'disfraz aterrador de zombi', 80000, 1, 1, 1, 2),
('disfraz de bruja', 'disfraz de bruja con sombrero', 60000, 1, 1, 2, 3),
('disfraz de payaso', 'disfraz colorido de payaso', 75000, 1, 1, 3, 4),
('disfraz de pirata', 'disfraz clásico de pirata', 85000, 1, 1, 1, 1),
('disfraz de superheroe', 'disfraz de superheroe popular', 90000, 1, 1, 1, 2),
('disfraz de princesa', 'disfraz elegante de princesa', 80000, 1, 1, 2, 3),
('disfraz de guerrero', 'disfraz de guerrero medieval', 95000, 1, 1, 1, 4),
('disfraz de dinosaurio', 'disfraz divertido de dinosaurio', 70000, 1, 1, 1, 1),
('disfraz de sirena', 'disfraz colorido de sirena', 85000, 1, 1, 2, 2),
('disfraz de astronauta', 'disfraz espacial de astronauta', 95000, 1, 1, 1, 3),
('disfraz de monstruo', 'disfraz aterrador de monstruo', 70000, 1, 1, 3, 4),
('disfraz de ninja', 'disfraz de ninja con espada', 80000, 1, 1, 1, 1),
('disfraz de elfo', 'disfraz navideño de elfo', 65000, 1, 1, 2, 2),
('disfraz de gladiador', 'disfraz de gladiador romano', 90000, 1, 1, 1, 3),
('disfraz de fantasma', 'disfraz espeluznante de fantasma', 75000, 1, 1, 1, 4),
-- Accesorios
('mascara de zombi', 'mascara aterradora para halloween', 20000, 2, 2, 3, 2),
('capa de superheroe', 'capa roja para disfraces', 35000, 3, 1, 1, 3),
('sombrero de vaquero', 'sombrero clasico de vaquero', 25000, 4, 2, 1, 4),
('guantes de esqueleto', 'guantes decorados con huesos', 18000, 3, 2, 3, 2),
('peluca de bruja', 'peluca larga y negra', 30000, 2, 2, 2, 4),
('espada de juguete', 'espada de plastico segura para niños', 22000, 1, 2, 1, 1),
('máscara de mono', 'máscara divertida de mono', 22000, 3, 2, 1, 2),
('antifaz de mascarada', 'antifaz decorado para fiestas', 18000, 2, 2, 2, 4),
('casco de gladiador', 'casco de disfraz de gladiador', 40000, 1, 2, 1, 3),
('sombrero de bruja', 'sombrero puntiagudo para halloween', 25000, 2, 2, 2, 2),
('cinturón de superhéroe', 'cinturón con detalles de heroes', 20000, 1, 2, 1, 4),
('máscara de dragón', 'máscara detallada de dragón', 30000, 3, 2, 3, 3),
('espada de pirata', 'espada de plastico para disfraz', 28000, 1, 2, 1, 2),
('sombrero de pirata', 'sombrero con plumas y detalles', 20000, 1, 2, 1, 1),
('capa de mago', 'capa decorada con estrellas doradas', 30000, 2, 1, 1, 2),
('pintura de payaso', 'pintura facial para disfraces', 15000, 4, 3, 3, 3),
-- Maquillaje
('pintura facial', 'pintura especial para maquillaje artistico', 15000, 2, 3, 3, 1),
('pintura de camuflaje', 'pintura facial para militares', 12000, 4, 3, 3, 1),
('pintura de guerra', 'pintura facial para disfraces', 20000, 3, 3, 1, 2),
('pintura de zombi', 'pintura facial para disfraces', 20000, 4, 3, 3, 2),
('pintura de payaso', 'pintura facial para disfraces', 15000, 4, 3, 3, 3),
('pintura facial de león', 'pintura facial temática de león', 18000, 2, 3, 3, 1),
('pintura facial de superheroe', 'pintura especial para superhéroes', 22000, 2, 3, 1, 2),
('pintura facial de bruja', 'pintura para caracterizar de bruja', 17000, 2, 3, 2, 3),
('pintura de estrella', 'pintura para eventos especiales', 19000, 2, 3, 3, 4),
('pintura de monstruo', 'pintura para disfraz de monstruo', 21000, 4, 3, 1, 1),
('pintura facial de niño', 'pintura facial para niños', 13000, 4, 3, 2, 2),
('pintura facial de ninja', 'pintura facial para ninja', 18000, 2, 3, 1, 3),
('pintura facial de astronauta', 'pintura para caracterizar de astronauta', 20000, 3, 3, 1, 4),
('pintura facial de animal', 'pintura para disfraz de animal', 16000, 2, 3, 3, 1),
('pintura facial de hada', 'pintura para disfraz de hada', 18000, 2, 3, 2, 2),
('zapatos de payaso', 'zapatos grandes y coloridos', 50000, 4, 4, 3, 3),
('zapatos de princesa', 'zapatos elegantes para niñas', 40000, 2, 4, 2, 2),
('zapatos de hada', 'zapatos delicados para niñas', 40000, 2, 4, 2, 3),
('zapatos de bailarinas', 'zapatos elegantes para disfraces', 45000, 2, 4, 2, 3),
('zapatos de elfo', 'zapatos para disfraces navideños', 28000, 2, 4, 3, 1),
('zapatos de vestir', 'zapatos elegantes para ocasiones', 70000, 1, 4, 1, 3),
('botas de vaquero', 'botas clásicas de vaquero', 80000, 1, 4, 1, 4),
('botas de montaña', 'botas resistentes para senderismo', 60000, 1, 4, 1, 1),
('zapatillas deportivas', 'zapatillas cómodas para deportes', 40000, 1, 4, 1, 2),
('chanclas de playa', 'chanclas ligeras para verano', 20000, 1, 4, 1, 3),
('botas de lluvia', 'botas impermeables para lluvia', 50000, 1, 4, 1, 4),
('sandalias de verano', 'sandalias ligeras y frescas', 30000, 1, 4, 2, 1),
('zapatos de ballet', 'zapatos delicados para ballet', 45000, 1, 4, 2, 2),
('botines de cuero', 'botines elegantes de cuero', 70000, 1, 4, 1, 3),
('zapatos de sport', 'zapatos para actividades deportivas', 60000, 1, 4, 1, 4);


insert into productos_tallas (id_producto, cantidad, id_talla) values
(1, 50, 1),
(2, 40, 2),
(3, 30, 3),
(4, 20, 1),
(5, 25, 2),
(6, 15, 3),
(7, 35, 1),
(8, 20, 2),
(9, 30, 3),
(10, 25, 1),
(11, 10, 2),
(12, 30, 1),
(13, 18, 2),
(14, 22, 3),
(15, 12, 1),
(16, 28, 2),
(17, 100, 1),
(18, 90, 2),
(19, 80, 3),
(20, 60, 1),
(21, 50, 2),
(22, 70, 3),
(23, 65, 1),
(24, 55, 2),
(25, 75, 3),
(26, 80, 1),
(27, 50, 2),
(28, 60, 3),
(29, 55, 1),
(30, 50, 2),
(31, 45, 3),
(32, 70, 1),
(33, 30, 2),
(34, 25, 3),
(35, 20, 1),
(36, 15, 2),
(37, 10, 3),
(38, 12, 1),
(39, 14, 2),
(40, 16, 3),
(41, 20, 1),
(42, 30, 2),
(43, 25, 3),
(44, 40, 1),
(45, 15, 2),
(46, 20, 3),
(47, 18, 1),
(48, 22, 2),
(49, 30, 3),
(50, 50, 1),
(51, 40, 2),
(52, 35, 3),
(53, 30, 1),
(54, 20, 2),
(55, 25, 3);

insert into inventario (id_producto, cantidad_total) values
(1, 50),
(2, 40),
(3, 30),
(4, 20),
(5, 25),
(6, 15),
(7, 35),
(8, 20),
(9, 30),
(10, 25),
(11, 10),
(12, 30),
(13, 18),
(14, 22),
(15, 12),
(16, 28),
(17, 100),
(18, 90),
(19, 80),
(20, 60),
(21, 50),
(22, 70),
(23, 65),
(24, 55),
(25, 75),
(26, 80),
(27, 50),
(28, 60),
(29, 55),
(30, 50),
(31, 45),
(32, 70),
(33, 30),
(34, 25),
(35, 20),
(36, 15),
(37, 10),
(38, 12),
(39, 14),
(40, 16),
(41, 20),
(42, 30),
(43, 25),
(44, 40),
(45, 15),
(46, 20),
(47, 18),
(48, 22),
(49, 30),
(50, 50),
(51, 40),
(52, 35),
(53, 30),
(54, 20),
(55, 25);


-- clientes
insert into clientes (nombre, apellido, celular) values
('Juan', 'Pérez', '3000000001'),
('María', 'González', '3000000002'),
('Carlos', 'Rodríguez', '3000000003'),
('Ana', 'Martínez', '3000000004'),
('Luis', 'Hernández', '3000000005'),
('Lucía', 'López', '3000000006'),
('Miguel', 'Gómez', '3000000007'),
('Sofía', 'Díaz', '3000000008'),
('José', 'Castro', '3000000009'),
('Laura', 'Ramírez', '3000000010'),
('Francisco', 'Torres', '3000000011'),
('Marta', 'Flores', '3000000012'),
('Pedro', 'Ramos', '3000000013'),
('Elena', 'Ortega', '3000000014'),
('Diego', 'Vargas', '3000000015'),
('Carmen', 'Morales', '3000000016'),
('Andrés', 'Jiménez', '3000000017'),
('Valeria', 'Ruiz', '3000000018'),
('Ricardo', 'Navarro', '3000000019'),
('Natalia', 'Mendoza', '3000000020'),
('Fernando', 'García', '3000000021'),
('Daniela', 'Vega', '3000000022'),
('Santiago', 'Molina', '3000000023'),
('Paola', 'Suárez', '3000000024'),
('Javier', 'Ortiz', '3000000025'),
('Adriana', 'Cruz', '3000000026'),
('Roberto', 'Acosta', '3000000027'),
('Gabriela', 'Santos', '3000000028'),
('Alejandro', 'Méndez', '3000000029'),
('Verónica', 'Rivas', '3000000030'),
('Sebastián', 'Carrillo', '3000000031'),
('Isabel', 'Álvarez', '3000000032'),
('Camilo', 'Núñez', '3000000033'),
('Silvia', 'Mora', '3000000034'),
('Guillermo', 'Cortes', '3000000035'),
('Cristina', 'Fuentes', '3000000036'),
('Oscar', 'Peña', '3000000037'),
('Diana', 'Salinas', '3000000038'),
('Felipe', 'Rojas', '3000000039'),
('Claudia', 'Maldonado', '3000000040'),
('Eduardo', 'Blanco', '3000000041'),
('Lorena', 'Espinosa', '3000000042'),
('Hugo', 'Sosa', '3000000043'),
('Patricia', 'Arias', '3000000044'),
('Rodrigo', 'Campos', '3000000045'),
('Monica', 'Guerrero', '3000000046'),
('Álvaro', 'Reyes', '3000000047'),
('Beatriz', 'Herrera', '3000000048'),
('David', 'Guzmán', '3000000049'),
('Sandra', 'Ibarra', '3000000050');

insert into ventas (fecha, id_metodo, id_cliente, id_empleado, total_venta) values 
('2023-10-20 13:30:00', 1, 1, 1, 150000),
('2023-10-21 14:00:00', 2, 2, 2, 200000),
('2023-10-22 15:30:00', 3, 3, 3, 175000),
('2023-10-23 16:00:00', 4, 4, 4, 220000),
('2023-10-24 17:15:00', 1, 5, 5, 190000),
('2023-10-25 18:30:00', 2, 6, 6, 210000),
('2023-10-26 19:00:00', 3, 7, 7, 195000),
('2023-10-27 20:00:00', 4, 8, 8, 230000),
('2023-10-28 13:45:00', 1, 9, 9, 185000),
('2023-10-29 14:30:00', 2, 10, 10, 170000),
('2023-10-30 15:15:00', 3, 11, 11, 210000),
('2023-10-31 16:00:00', 4, 12, 12, 190000),
('2023-11-01 16:30:00', 1, 13, 13, 185000),
('2023-11-02 17:15:00', 2, 14, 14, 225000),
('2023-11-03 18:00:00', 3, 15, 15, 200000),
('2023-11-04 18:45:00', 4, 16, 16, 220000),
('2023-11-05 19:30:00', 1, 17, 17, 190000),
('2023-11-06 20:15:00', 2, 18, 18, 205000),
('2023-11-07 13:00:00', 3, 19, 19, 195000),
('2023-11-08 14:45:00', 4, 20, 20, 220000),
('2023-11-09 15:30:00', 1, 21, 21, 210000),
('2023-11-10 16:15:00', 2, 22, 22, 200000),
('2023-11-11 17:00:00', 3, 23, 23, 190000),
('2023-11-12 17:45:00', 4, 24, 24, 180000),
('2023-11-13 18:30:00', 1, 25, 25, 210000),
('2023-11-14 19:15:00', 2, 26, 26, 220000),
('2023-11-15 20:00:00', 3, 27, 27, 200000),
('2023-11-16 13:30:00', 4, 28, 28, 180000),
('2023-11-17 14:15:00', 1, 29, 29, 210000),
('2023-11-18 15:00:00', 2, 30, 30, 225000),
('2023-11-19 15:45:00', 3, 31, 31, 200000),
('2023-11-20 16:30:00', 4, 32, 32, 220000),
('2023-11-21 17:15:00', 1, 33, 33, 190000),
('2023-11-22 18:00:00', 2, 34, 34, 205000),
('2023-11-23 18:45:00', 3, 35, 35, 195000),
('2023-11-24 19:30:00', 4, 36, 36, 225000),
('2023-11-25 20:15:00', 1, 37, 37, 210000),
('2023-11-26 13:00:00', 2, 38, 38, 190000),
('2023-11-27 13:45:00', 3, 39, 39, 220000),
('2023-11-28 14:30:00', 4, 40, 40, 230000),
('2023-11-29 15:15:00', 1, 41, 41, 205000),
('2023-11-30 16:00:00', 2, 42, 42, 200000),
('2023-12-01 16:45:00', 3, 43, 43, 220000),
('2023-12-02 17:30:00', 4, 44, 44, 210000),
('2023-12-03 18:15:00', 1, 45, 45, 205000),
('2023-12-04 19:00:00', 2, 46, 46, 215000),
('2023-12-05 19:45:00', 3, 47, 47, 190000),
('2023-12-06 20:30:00', 4, 48, 48, 230000),
('2023-12-07 13:30:00', 1, 49, 49, 220000),
('2023-12-08 14:15:00', 2, 50, 50, 200000);


insert into ventas_productos (id_producto, id_venta) values 
(1, 1),
(2, 2),
(3, 3),
(3, 1);
SELECT COUNT(*) FROM ventas;
-- compras a proveedor

insert into compras (id_proveedor, fecha, total) values 
(1, '2023-10-01 10:30:00', 1200.50),
(2, '2023-10-05 14:00:00', 850.00),
(3, '2023-10-10 09:45:00', 2000.75);

insert into compras_productos (id_producto, id_compra) values 
(1, 1),
(2, 1),
(3, 2),
(4, 3);

-- promociones
insert into promociones (nombre, descripcion, fecha_inicio, fecha_fin, descuento) values
('promo año nuevo 2021', 'descuento de fin de año', '2020-12-26', '2020-12-31', 15.00),
('san valentin 2021', 'descuentos en productos romanticos', '2021-02-10', '2021-02-14', 20.00),
('dia de la madre 2021', 'descuentos especiales para mama', '2021-05-01', '2021-05-10', 18.00),
('dia del padre 2021', 'descuentos en productos masculinos', '2021-06-01', '2021-06-20', 18.00),
('verano 2021', 'descuento en articulos de verano', '2021-06-01', '2021-06-30', 20.00),
('regreso a clases 2021', 'descuentos en utiles escolares', '2021-08-01', '2021-08-31', 22.00),
('otoño 2021', 'descuentos en articulos de otoño', '2021-09-01', '2021-09-30', 15.00),
('black friday 2021', 'descuentos en todos los productos', '2021-11-26', '2021-11-26', 30.00),
('navidad 2021', 'descuentos para productos navideños', '2021-12-01', '2021-12-25', 25.00),
('fiesta de fin de año 2021', 'descuentos en articulos de fiesta', '2021-12-15', '2021-12-31', 20.00),
('vacaciones de invierno 2021', 'descuentos en ropa de invierno', '2021-12-01', '2021-12-31', 20.00),
('promo año nuevo 2022', 'descuento de fin de año', '2021-12-26', '2021-12-31', 15.00),
('san valentin 2022', 'descuentos en productos romanticos', '2022-02-10', '2022-02-14', 20.00),
('dia de la madre 2022', 'descuentos especiales para mama', '2022-05-01', '2022-05-10', 18.00),
('dia del padre 2022', 'descuentos en productos masculinos', '2022-06-01', '2022-06-20', 18.00),
('verano 2022', 'descuento en articulos de verano', '2022-06-01', '2022-06-30', 20.00),
('regreso a clases 2022', 'descuentos en utiles escolares', '2022-08-01', '2022-08-31', 22.00),
('otoño 2022', 'descuentos en articulos de otoño', '2022-09-01', '2022-09-30', 15.00),
('black friday 2022', 'descuentos en todos los productos', '2022-11-25', '2022-11-25', 30.00),
('navidad 2022', 'descuentos para productos navideños', '2022-12-01', '2022-12-25', 25.00),
('fiesta de fin de año 2022', 'descuentos en articulos de fiesta', '2022-12-15', '2022-12-31', 20.00),
('vacaciones de invierno 2022', 'descuentos en ropa de invierno', '2022-12-01', '2022-12-31', 20.00),
('promo año nuevo 2023', 'descuento de fin de año', '2022-12-26', '2022-12-31', 15.00),
('san valentin 2023', 'descuentos en productos romanticos', '2023-02-10', '2023-02-14', 20.00),
('dia de la madre 2023', 'descuentos especiales para mama', '2023-05-01', '2023-05-10', 18.00),
('dia del padre 2023', 'descuentos en productos masculinos', '2023-06-01', '2023-06-20', 18.00),
('verano 2023', 'descuento en articulos de verano', '2023-06-01', '2023-06-30', 20.00),
('regreso a clases 2023', 'descuentos en utiles escolares', '2023-08-01', '2023-08-31', 22.00),
('otoño 2023', 'descuentos en articulos de otoño', '2023-09-01', '2023-09-30', 15.00),
('black friday 2023', 'descuentos en todos los productos', '2023-11-24', '2023-11-24', 30.00),
('navidad 2023', 'descuentos para productos navideños', '2023-12-01', '2023-12-25', 25.00),
('fiesta de fin de año 2023', 'descuentos en articulos de fiesta', '2023-12-15', '2023-12-31', 20.00),
('vacaciones de invierno 2023', 'descuentos en ropa de invierno', '2023-12-01', '2023-12-31', 20.00),
('promo año nuevo 2024', 'descuento de fin de año', '2023-12-26', '2023-12-31', 15.00),
('san valentin 2024', 'descuentos en productos romanticos', '2024-02-10', '2024-02-14', 20.00),
('dia de la madre 2024', 'descuentos especiales para mama', '2024-05-01', '2024-05-10', 18.00),
('dia del padre 2024', 'descuentos en productos masculinos', '2024-06-01', '2024-06-20', 18.00),
('verano 2024', 'descuento en articulos de verano', '2024-06-01', '2024-06-30', 20.00),
('regreso a clases 2024', 'descuentos en utiles escolares', '2024-08-01', '2024-08-31', 22.00),
('otoño 2024', 'descuentos en articulos de otoño', '2024-09-01', '2024-09-30', 15.00),
('black friday 2024', 'descuentos en todos los productos', '2024-11-29', '2024-11-29', 30.00),
('navidad 2024', 'descuentos para productos navideños', '2024-12-01', '2024-12-25', 25.00),
('fiesta de fin de año 2024', 'descuentos en articulos de fiesta', '2024-12-15', '2024-12-31', 20.00),
('vacaciones de invierno 2024', 'descuentos en ropa de invierno', '2024-12-01', '2024-12-31', 20.00);

-- Promociones relacionadas con productos
insert into promociones_productos (id_promocion, id_producto) values
(1, 1),
(1, 2),
(2, 3),
(2, 4),
(3, 5),
(3, 6),
(4, 7),
(4, 8),
(5, 9),
(5, 10),
(6, 11),
(6, 12),
(7, 13),
(7, 14),
(8, 15),
(8, 16),
(9, 17),
(9, 18),
(10, 19),
(10, 20),
(11, 21),
(11, 22),
(12, 23),
(12, 24),
(13, 25),
(13, 26),
(14, 27),
(14, 28),
(15, 29),
(15, 30);

-- Promociones relacionadas con categorías
insert into promociones_categorias (id_promocion, id_categoria) values
(1, 1),
(2, 2),
(3, 3),
(4, 4),
(5, 1),
(6, 2),
(7, 3),
(8, 4),
(9, 1),
(10, 2),
(11, 3),
(12, 4),
(13, 1),
(14, 2),
(15, 3),
(16, 4),
(17, 1),
(18, 2),
(19, 3),
(20, 4),
(21, 1),
(22, 2),
(23, 3),
(24, 4),
(25, 1),
(26, 2),
(27, 3),
(28, 4),
(29, 1),
(30, 2);

-- Promociones relacionadas con clasificaciones
insert into promociones_clasificaciones (id_promocion, id_clasificacion) values
(1, 1),
(2, 2),
(3, 3),
(4, 4),
(5, 1),
(6, 2),
(7, 3),
(8, 4),
(9, 1),
(10, 2),
(11, 3),
(12, 4),
(13, 1),
(14, 2),
(15, 3),
(16, 4),
(17, 1),
(18, 2),
(19, 3),
(20, 4),
(21, 1),
(22, 2),
(23, 3),
(24, 4),
(25, 1),
(26, 2),
(27, 3),
(28, 4),
(29, 1),
(30, 2);

-- Promociones relacionadas con géneros
insert into promociones_generos (id_promocion, id_genero) values
(1, 1),
(2, 2),
(3, 3),
(4, 1),
(5, 2),
(6, 3),
(7, 1),
(8, 2),
(9, 3),
(10, 1),
(11, 2),
(12, 3),
(13, 1),
(14, 2),
(15, 3),
(16, 1),
(17, 2),
(18, 3),
(19, 1),
(20, 2),
(21, 3),
(22, 1),
(23, 2),
(24, 3),
(25, 1),
(26, 2),
(27, 3),
(28, 1),
(29, 2),
(30, 3);

-- Promociones relacionadas con tipos
insert into promociones_tipos (id_promocion, id_tipo) values
(1, 1),
(2, 2),
(3, 3),
(4, 4),
(5, 1),
(6, 2),
(7, 3),
(8, 4),
(9, 1),
(10, 2),
(11, 3),
(12, 4),
(13, 1),
(14, 2),
(15, 3),
(16, 4),
(17, 1),
(18, 2),
(19, 3),
(20, 4),
(21, 1),
(22, 2),
(23, 3),
(24, 4),
(25, 1),
(26, 2),
(27, 3),
(28, 4),
(29, 1),
(30, 2);

insert into ventas_promocion (id_promocion, id_venta) values 
(1, 1),
(2, 2),
(3, 3);

insert into ventas_productos (id_producto, id_venta, cantidad)
values 
    (1, 1, 3),  -- vendemos 3 disfraces de vampiro
    (2, 1, 5);  -- vendemos 5 sombreros de mago

-- asignar tallas para el disfraz vendido
insert into ventas_productos_tallas (cantidad, id_talla, id_venta_producto)
values
    (3, 2, 1); 


