-- inserciones para empleados
insert into roles (rol, descripcion) values
('Gerente', 'Encargado de la supervisión general y la toma de decisiones estratégicas'),
('Asistente', 'Apoyo en tareas administrativas'),
('Vendedor', 'Atención al cliente y ventas'),
('Cajero', 'Responsable de caja y pagos'),
('Supervisor', 'Supervisión del personal'),
('Analista', 'Análisis de datos e informes'),
('Diseñador', 'Creación de productos y diseño gráfico'),
('Desarrollador', 'Desarrollo de software'),
('Marketing', 'Campañas de publicidad y ventas'),
('Recursos Humanos', 'Gestión de empleados y contratación');

insert into cargos (cargo, sueldo, id_rol) values
('Gerente', 5000000, 1),
('Asistente', 2000000, 2),
('Vendedor', 1500000, 3),
('Cajero', 1400000, 4),
('Supervisor', 3000000, 5),
('Analista', 2500000, 6),
('Diseñador', 2700000, 7),
('Desarrollador', 3200000, 8),
('Marketing', 2800000, 9),
('Recursos Humanos', 2600000, 10);

insert into empleados (nombre, apellido, celular, fecha_inicio, id_cargo) values
('Juan', 'Pérez', '3100000001', '2023-01-01', 1),
('María', 'González', '3100000002', '2023-02-01', 2),
('Carlos', 'Rodríguez', '3100000003', '2023-03-01', 3),
('Ana', 'Martínez', '3100000004', '2023-04-01', 4),
('Luis', 'Hernández', '3100000005', '2023-05-01', 5),
('Lucía', 'López', '3100000006', '2023-06-01', 6),
('Miguel', 'Gómez', '3100000007', '2023-07-01', 7),
('Sofía', 'Díaz', '3100000008', '2023-08-01', 8),
('José', 'Castro', '3100000009', '2023-09-01', 9),
('Laura', 'Ramírez', '3100000010', '2023-10-01', 10),
('Francisco', 'Torres', '3100000011', '2023-11-01', 1),
('Marta', 'Flores', '3100000012', '2023-12-01', 2),
('Pedro', 'Ramos', '3100000013', '2024-01-01', 3),
('Elena', 'Ortega', '3100000014', '2024-02-01', 4),
('Diego', 'Vargas', '3100000015', '2024-03-01', 5),
('Carmen', 'Morales', '3100000016', '2024-04-01', 6),
('Andrés', 'Jiménez', '3100000017', '2024-05-01', 7),
('Valeria', 'Ruiz', '3100000018', '2024-06-01', 8),
('Ricardo', 'Navarro', '3100000019', '2024-07-01', 9),
('Natalia', 'Mendoza', '3100000020', '2024-08-01', 10),
('Fernando', 'García', '3100000021', '2024-09-01', 1),
('Daniela', 'Vega', '3100000022', '2024-10-01', 2),
('Santiago', 'Molina', '3100000023', '2024-11-01', 3),
('Paola', 'Suárez', '3100000024', '2024-12-01', 4),
('Javier', 'Ortiz', '3100000025', '2025-01-01', 5),
('Adriana', 'Cruz', '3100000026', '2025-02-01', 6),
('Roberto', 'Acosta', '3100000027', '2025-03-01', 7),
('Gabriela', 'Santos', '3100000028', '2025-04-01', 8),
('Alejandro', 'Méndez', '3100000029', '2025-05-01', 9),
('Verónica', 'Rivas', '3100000030', '2025-06-01', 10),
('Sebastián', 'Carrillo', '3100000031', '2025-07-01', 1),
('Isabel', 'Álvarez', '3100000032', '2025-08-01', 2),
('Camilo', 'Núñez', '3100000033', '2025-09-01', 3),
('Silvia', 'Mora', '3100000034', '2025-10-01', 4),
('Guillermo', 'Cortes', '3100000035', '2025-11-01', 5),
('Cristina', 'Fuentes', '3100000036', '2025-12-01', 6),
('Oscar', 'Peña', '3100000037', '2026-01-01', 7),
('Diana', 'Salinas', '3100000038', '2026-02-01', 8),
('Felipe', 'Rojas', '3100000039', '2026-03-01', 9),
('Claudia', 'Maldonado', '3100000040', '2026-04-01', 10),
('Eduardo', 'Blanco', '3100000041', '2026-05-01', 1),
('Lorena', 'Espinosa', '3100000042', '2026-06-01', 2),
('Hugo', 'Sosa', '3100000043', '2026-07-01', 3),
('Patricia', 'Arias', '3100000044', '2026-08-01', 4),
('Rodrigo', 'Campos', '3100000045', '2026-09-01', 5),
('Monica', 'Guerrero', '3100000046', '2026-10-01', 6),
('Álvaro', 'Reyes', '3100000047', '2026-11-01', 7),
('Beatriz', 'Herrera', '3100000048', '2026-12-01', 8),
('David', 'Guzmán', '3100000049', '2027-01-01', 9),
('Sandra', 'Ibarra', '3100000050', '2023-02-01', 10);

insert into usuarios (nombre_usuario, contrasena, id_empleado) values
('j.perez', 'password123', 1),
('m.gonzalez', 'password123', 2),
('c.rodriguez', 'password123', 3),
('a.martinez', 'password123', 4),
('l.hernandez', 'password123', 5),
('l.lopez', 'password123', 6),
('m.gomez', 'password123', 7),
('s.diaz', 'password123', 8),
('j.castro', 'password123', 9),
('l.ramirez', 'password123', 10),
('f.torres', 'password123', 11),
('m.flores', 'password123', 12),
('p.ramos', 'password123', 13),
('e.ortega', 'password123', 14),
('d.vargas', 'password123', 15),
('c.morales', 'password123', 16),
('a.jimenez', 'password123', 17),
('v.ruiz', 'password123', 18),
('r.navarro', 'password123', 19),
('n.mendoza', 'password123', 20),
('f.garcia', 'password123', 21),
('d.vega', 'password123', 22),
('s.molina', 'password123', 23),
('p.suarez', 'password123', 24),
('j.ortiz', 'password123', 25),
('a.cruz', 'password123', 26),
('r.acosta', 'password123', 27),
('g.santos', 'password123', 28),
('a.mendez', 'password123', 29),
('v.rivas', 'password123', 30),
('s.carrillo', 'password123', 31),
('i.alvarez', 'password123', 32),
('c.nunez', 'password123', 33),
('s.mora', 'password123', 34),
('g.cortes', 'password123', 35),
('c.fuentes', 'password123', 36),
('o.pena', 'password123', 37),
('d.salinas', 'password123', 38),
('f.rojas', 'password123', 39),
('c.maldonado', 'password123', 40),
('e.blanco', 'password123', 41),
('l.espinosa', 'password123', 42),
('h.sosa', 'password123', 43),
('p.arias', 'password123', 44),
('r.campos', 'password123', 45),
('m.guerrero', 'password123', 46),
('a.reyes', 'password123', 47),
('b.herrera', 'password123', 48),
('d.guzman', 'password123', 49),
('s.ibarra', 'password123', 50);

-- metodos de pago
insert into metodos (metodo) values 
('Efectivo'), 
('Tarjeta de crédito'), 
('Tarjeta de débito'), 
('Transferencia bancaria');

-- proveedores

insert into tipos_proveedores (tipo_proveedor) values 
('Mayorista'), ('Minorista'), ('Distribuidor'), ('Fabricante');

insert into proveedores (nombre, celular, id_tipo_proveedor) values 
('Distribuidora Global S.A.', '3157891234', 1),
('Fantasías del Norte S.A.S.', '3154567890', 2),
('Importaciones y Exportaciones del Oriente', '3151234567', 3),
('Fábrica de Textiles el Águila', '3159876543', 4),
('Proveedora de Disfraces Ltda.', '3156543210', 1),
('Ropa y Disfraces Ltda.', '3157418523', 2),
('Moda y Estilo S.A.', '3152583690', 1),
('Disfraces al Mayor', '3153692587', 3),
('Calzado Martínez S.A.S.', '3151597538', 4),
('La Casa de los Disfraces', '3157539516', 2),
('Accesorios Exclusivos', '3159517534', 3),
('Textiles de Colombia Ltda.', '3157896541', 1),
('Distribuidora Nacional de Ropa', '3159638521', 1),
('Proveedora Textil S.A.S.', '3156547895', 4),
('Fantasías y Accesorios S.A.', '3157893215', 2),
('La Fábrica del Disfraz', '3153216549', 4),
('Ropa Deportiva Exclusiva', '3152581476', 3),
('Accesorios y Más S.A.', '3151472589', 4),
('Comercializadora de Disfraces Ltda.', '3153691475', 1),
('Ropa del Sur Ltda.', '3158529638', 2),
('Fábrica de Calzado Global S.A.S.', '3159638572', 3),
('Distribuidora de Moda S.A.', '3157418593', 1),
('Accesorios del Norte', '3159512586', 4),
('Fábrica de Vestimenta Latina', '3153697420', 3),
('La Tienda del Disfraz Ltda.', '3157891478', 2),
('Distribuidora Estilo S.A.', '3151479639', 1),
('Comercializadora Internacional Ltda.', '3158527412', 2),
('Fantasías y Más S.A.', '3153698522', 3),
('Proveedora Nacional de Disfraces', '3157419653', 1),
('Zapatería Martínez', '3157892586', 2),
('Accesorios y Ropa Latina S.A.', '3153217897', 3),
('Distribuidora Fashion Trends', '3157896545', 1),
('La Casa del Accesorio Ltda.', '3159513573', 2),
('Fábrica de Disfraces y Más', '3159631479', 4),
('Comercializadora Exclusiva S.A.', '3151594865', 1),
('Accesorios de Ensueño S.A.S.', '3157531478', 2),
('Distribuidora Moderna', '3154567894', 1),
('La Bodega del Disfraz Ltda.', '3158529637', 3),
('Fábrica de Textiles Nacional', '3157891245', 4),
('Distribuidora Élite S.A.S.', '3159517539', 1),
('Comercializadora del Disfraz Ltda.', '3157896571', 2),
('Ropa y Accesorios de Moda', '3159637416', 4),
('Proveedora Nacional de Disfraces', '3154568526', 1),
('Distribuidora de Disfraces S.A.S.', '3159631473', 3),
('Fábrica de Textiles del Sur', '3159517560', 4),
('Comercializadora Fantasía', '3158527895', 2),
('Moda Internacional S.A.', '3157894562', 3),
('La Casa del Estilo', '3159513571', 1);

-- productos
insert into tallas(talla) values ('S'), ('M'), ('L'), ('XL'), ('XXL');

insert into categorias (categoria) values ('Ropa'), ('Disfraces'), ('Accesorios'), ('Calzado');

insert into tipos (tipo) values ('Disfraz'), ('Accesorio'), ('maquillaje'), ('Calzado');

insert into generos (genero) values ('Masculino'), ('Femenino'), ('Unisex');

insert into clasificaciones (clasificacion) values ('Primera Calidad'), ('Económico'), ('niños'), ('adultos');

insert into productos (nombre, descripcion, precio, id_clasificacion, id_tipo, id_genero, id_proveedor) values
('Disfraz de Vampiro', 'Disfraz oscuro con capa', 75000, 1, 1, 1, 1),
('Máscara de Zombi', 'Máscara aterradora para Halloween', 20000, 2, 2, 3, 2),
('Capa de Superhéroe', 'Capa roja para disfraces', 35000, 3, 1, 1, 3),
('Sombrero de Vaquero', 'Sombrero clásico de vaquero', 25000, 4, 2, 1, 4),
('Pintura Facial', 'Pintura especial para maquillaje artístico', 15000, 2, 2, 3, 1),
('Guantes de Esqueleto', 'Guantes decorados con huesos', 18000, 3, 2, 3, 2),
('Zapatos de Payaso', 'Zapatos grandes y coloridos', 50000, 4, 4, 3, 3),
('Peluca de Bruja', 'Peluca larga y negra', 30000, 2, 2, 2, 4),
('Espada de Juguete', 'Espada de plástico segura para niños', 22000, 1, 2, 1, 1),
('Vestido de Princesa', 'Vestido elegante para niñas', 80000, 1, 1, 2, 1),
('Máscara de Mono', 'Máscara divertida de mono', 22000, 3, 2, 1, 2),
('Antifaz de Mascarada', 'Antifaz decorado para fiestas', 18000, 2, 2, 2, 4),
('Casco de Gladiador', 'Casco de disfraz de gladiador', 40000, 1, 2, 1, 3),
('Sombrero de Bruja', 'Sombrero puntiagudo para Halloween', 25000, 2, 2, 2, 2),
('Peluca de Payaso', 'Peluca colorida para disfraces', 35000, 4, 2, 3, 3),
('Cinturón de Superhéroe', 'Cinturón con detalles de héroes', 20000, 1, 2, 1, 4),
('Máscara de Dragón', 'Máscara detallada de dragón', 30000, 3, 2, 3, 3),
('Espada de Pirata', 'Espada de plástico para disfraz', 28000, 1, 2, 1, 2),
('Sombrero de Pirata', 'Sombrero con plumas y detalles', 20000, 1, 2, 1, 1),
('Capa de Mago', 'Capa decorada con estrellas doradas', 30000, 2, 1, 1, 2),
('Pintura de Payaso', 'Pintura facial para disfraces', 15000, 4, 3, 3, 3),
('Guantes de Guerrero', 'Guantes con detalles de guerrero', 25000, 3, 2, 1, 4),
('Zapatos de Princesa', 'Zapatos elegantes para niñas', 40000, 2, 4, 2, 2),
('Máscara de León', 'Máscara detallada de león', 45000, 3, 2, 3, 3),
('Capa de Murciélago', 'Capa negra con detalles', 30000, 1, 1, 1, 4),
('Sombrero de Chef', 'Sombrero blanco para disfraces', 18000, 2, 2, 3, 1),
('Máscara de Superhéroe', 'Máscara detallada de superhéroe', 30000, 2, 2, 1, 2),
('Zapatos de Hada', 'Zapatos delicados para niñas', 40000, 2, 4, 2, 3),
('Pintura de Camuflaje', 'Pintura facial para militares', 12000, 4, 3, 3, 1),
('Sombrero de Cowboy', 'Sombrero clásico de vaquero', 25000, 1, 2, 1, 4),
('Peluca de Rockstar', 'Peluca colorida para disfraces', 30000, 2, 2, 3, 3),
('Máscara de Fantasma', 'Máscara aterradora de fantasma', 35000, 2, 2, 1, 2),
('Capa de Vampiro', 'Capa negra para disfraces', 40000, 1, 1, 3, 3),
('Pintura de Guerra', 'Pintura facial para disfraces', 20000, 3, 3, 1, 2),
('Zapatos de Bailarina', 'Zapatos elegantes para disfraces', 45000, 2, 4, 2, 3),
('Espada de Ninja', 'Espada de plástico para disfraces', 25000, 1, 2, 1, 4),
('Sombrero de Detective', 'Sombrero clásico para detectives', 18000, 2, 2, 1, 2),
('Antifaz de Supervillano', 'Antifaz detallado de villano', 20000, 3, 2, 1, 4),
('Peluca de Sirena', 'Peluca larga y colorida', 35000, 2, 2, 2, 3),
('Zapatos de Elfo', 'Zapatos para disfraces navideños', 28000, 2, 4, 3, 1),
('Capa de Supervillano', 'Capa negra para disfraces', 30000, 1, 1, 1, 2),
('Guantes de Superhéroe', 'Guantes con detalles de héroes', 25000, 2, 2, 1, 3),
('Máscara de Dinosaurio', 'Máscara detallada de dinosaurio', 40000, 3, 2, 1, 4),
('Pintura de Zombi', 'Pintura facial para disfraces', 20000, 4, 3, 3, 2),
('Sombrero de Rey', 'Sombrero con detalles dorados', 50000, 2, 2, 1, 3),
('Casco de Astronauta', 'Casco detallado para disfraces', 60000, 1, 2, 3, 4),
('Capa de Mago Oscuro', 'Capa negra con detalles místicos', 45000, 2, 1, 1, 3),
('Zapatos de Bailarina', 'Zapatos de baile para disfraces', 40000, 2, 4, 2, 3),
('Guantes de Explorador', 'Guantes con detalles de explorador', 30000, 3, 2, 1, 4);


insert into productos_tallas (id_producto, id_talla, cantidad) values 
(1, 1, 50), -- Disfraz de Pirata, talla S
(1, 2, 40), -- Disfraz de Pirata, talla M
(1, 3, 60), -- Disfraz de Pirata, talla L
(2, 2, 30), -- Cinturón, talla M
(2, 3, 70); -- Cinturón, talla L

INSERT INTO inventario (id_producto, cantidad_total) VALUES 
(1, 150), 
(2, 100), 
(3, 200), 
(4, 200),
(5, 200),
(6, 200),
(7, 200),
(8, 200),
(9, 200),
(10, 200),
(11, 200),
(12, 200),
(13, 75);

-- clientes
insert into clientes (nombre, apellido, celular) values
('Juan', 'Pérez', '3000000001'),
('María', 'González', '3000000002'),
('Carlos', 'Rodríguez', '3000000003'),
('Ana', 'Martínez', '3000000004'),
('Luis', 'Hernández', '3000000005'),
('Lucía', 'López', '3000000006'),
('Miguel', 'Gómez', '3000000007'),
('Sofía', 'Díaz', '3000000008'),
('José', 'Castro', '3000000009'),
('Laura', 'Ramírez', '3000000010'),
('Francisco', 'Torres', '3000000011'),
('Marta', 'Flores', '3000000012'),
('Pedro', 'Ramos', '3000000013'),
('Elena', 'Ortega', '3000000014'),
('Diego', 'Vargas', '3000000015'),
('Carmen', 'Morales', '3000000016'),
('Andrés', 'Jiménez', '3000000017'),
('Valeria', 'Ruiz', '3000000018'),
('Ricardo', 'Navarro', '3000000019'),
('Natalia', 'Mendoza', '3000000020'),
('Fernando', 'García', '3000000021'),
('Daniela', 'Vega', '3000000022'),
('Santiago', 'Molina', '3000000023'),
('Paola', 'Suárez', '3000000024'),
('Javier', 'Ortiz', '3000000025'),
('Adriana', 'Cruz', '3000000026'),
('Roberto', 'Acosta', '3000000027'),
('Gabriela', 'Santos', '3000000028'),
('Alejandro', 'Méndez', '3000000029'),
('Verónica', 'Rivas', '3000000030'),
('Sebastián', 'Carrillo', '3000000031'),
('Isabel', 'Álvarez', '3000000032'),
('Camilo', 'Núñez', '3000000033'),
('Silvia', 'Mora', '3000000034'),
('Guillermo', 'Cortes', '3000000035'),
('Cristina', 'Fuentes', '3000000036'),
('Oscar', 'Peña', '3000000037'),
('Diana', 'Salinas', '3000000038'),
('Felipe', 'Rojas', '3000000039'),
('Claudia', 'Maldonado', '3000000040'),
('Eduardo', 'Blanco', '3000000041'),
('Lorena', 'Espinosa', '3000000042'),
('Hugo', 'Sosa', '3000000043'),
('Patricia', 'Arias', '3000000044'),
('Rodrigo', 'Campos', '3000000045'),
('Monica', 'Guerrero', '3000000046'),
('Álvaro', 'Reyes', '3000000047'),
('Beatriz', 'Herrera', '3000000048'),
('David', 'Guzmán', '3000000049'),
('Sandra', 'Ibarra', '3000000050');


		-- compra (productos) -> ventas
insert into ventas (fecha, id_metodo, id_cliente, id_empleado, total_venta) values 
('2023-10-20 13:30:00', 1, 1, 1, 150000),
('2023-10-21 14:00:00', 2, 2, 2, 200000),
('2023-10-22 15:30:00', 3, 3, 3, 175000),
('2023-10-23 16:00:00', 4, 4, 4, 220000),
('2023-10-24 17:15:00', 1, 5, 5, 190000),
('2023-10-25 18:30:00', 2, 6, 6, 210000),
('2023-10-26 19:00:00', 3, 7, 7, 195000),
('2023-10-27 20:00:00', 4, 8, 8, 230000),
('2023-10-28 13:45:00', 1, 9, 9, 185000),
('2023-10-29 14:30:00', 2, 10, 10, 170000),
('2023-10-30 15:15:00', 3, 11, 11, 210000),
('2023-10-31 16:00:00', 4, 12, 12, 190000),
('2023-11-01 16:30:00', 1, 13, 13, 185000),
('2023-11-02 17:15:00', 2, 14, 14, 225000),
('2023-11-03 18:00:00', 3, 15, 15, 200000),
('2023-11-04 18:45:00', 4, 16, 16, 220000),
('2023-11-05 19:30:00', 1, 17, 17, 190000),
('2023-11-06 20:15:00', 2, 18, 18, 205000),
('2023-11-07 13:00:00', 3, 19, 19, 195000),
('2023-11-08 14:45:00', 4, 20, 20, 220000),
('2023-11-09 15:30:00', 1, 21, 21, 210000),
('2023-11-10 16:15:00', 2, 22, 22, 200000),
('2023-11-11 17:00:00', 3, 23, 23, 190000),
('2023-11-12 17:45:00', 4, 24, 24, 180000),
('2023-11-13 18:30:00', 1, 25, 25, 210000),
('2023-11-14 19:15:00', 2, 26, 26, 220000),
('2023-11-15 20:00:00', 3, 27, 27, 200000),
('2023-11-16 13:30:00', 4, 28, 28, 180000),
('2023-11-17 14:15:00', 1, 29, 29, 210000),
('2023-11-18 15:00:00', 2, 30, 30, 225000),
('2023-11-19 15:45:00', 3, 31, 31, 200000),
('2023-11-20 16:30:00', 4, 32, 32, 220000),
('2023-11-21 17:15:00', 1, 33, 33, 190000),
('2023-11-22 18:00:00', 2, 34, 34, 205000),
('2023-11-23 18:45:00', 3, 35, 35, 195000),
('2023-11-24 19:30:00', 4, 36, 36, 225000),
('2023-11-25 20:15:00', 1, 37, 37, 210000),
('2023-11-26 13:00:00', 2, 38, 38, 190000),
('2023-11-27 13:45:00', 3, 39, 39, 220000),
('2023-11-28 14:30:00', 4, 40, 40, 230000),
('2023-11-29 15:15:00', 1, 41, 41, 205000),
('2023-11-30 16:00:00', 2, 42, 42, 200000),
('2023-12-01 16:45:00', 3, 43, 43, 220000),
('2023-12-02 17:30:00', 4, 44, 44, 210000),
('2023-12-03 18:15:00', 1, 45, 45, 205000),
('2023-12-04 19:00:00', 2, 46, 46, 215000),
('2023-12-05 19:45:00', 3, 47, 47, 190000),
('2023-12-06 20:30:00', 4, 48, 48, 230000),
('2023-12-07 13:30:00', 1, 49, 49, 220000),
('2023-12-08 14:15:00', 2, 50, 50, 200000);

insert into ventas_productos (id_producto, id_venta) values 
(1, 1),
(2, 2),
(3, 3),
(3, 1);

-- compras a proveedor

insert into compras (id_proveedor, fecha, total) values 
(1, '2023-10-01 10:30:00', 1200.50),
(2, '2023-10-05 14:00:00', 850.00),
(3, '2023-10-10 09:45:00', 2000.75);

insert into compras_productos (id_producto, id_compra) values 
(1, 1),
(2, 1),
(3, 2),
(4, 3);


-- promociones
-- Promociones
insert into promociones (nombre, descripcion, fecha_inicio, fecha_fin, descuento) values
('Promo Halloween', 'Descuento especial para disfraces', '2024-10-01', '2024-10-31', 20.00),
('Black Friday', 'Descuentos en todos los productos', '2024-11-29', '2024-11-29', 30.00),
('Navidad 2024', 'Descuentos para productos navideños', '2024-12-01', '2024-12-25', 25.00),
('Año Nuevo', 'Descuento de fin de año', '2024-12-26', '2024-12-31', 15.00),
('San Valentín', 'Descuentos en productos románticos', '2025-02-10', '2025-02-14', 20.00),
('Día de la Madre', 'Descuentos especiales para mamá', '2025-05-01', '2025-05-10', 18.00),
('Día del Padre', 'Descuentos en productos masculinos', '2025-06-01', '2025-06-20', 18.00),
('Verano 2025', 'Descuento en artículos de verano', '2025-06-01', '2025-06-30', 20.00),
('Regreso a Clases', 'Descuentos en útiles escolares', '2025-08-01', '2025-08-31', 22.00),
('Otoño 2025', 'Descuentos en artículos de otoño', '2025-09-01', '2025-09-30', 15.00),
('Cyber Monday', 'Descuentos en compras en línea', '2025-11-30', '2025-11-30', 25.00),
('Fiesta de Fin de Año', 'Descuentos en artículos de fiesta', '2025-12-15', '2025-12-31', 20.00),
('Vacaciones de Invierno', 'Descuentos en ropa de invierno', '2025-12-01', '2025-12-31', 20.00),
('Primavera 2026', 'Descuentos en artículos de primavera', '2026-03-01', '2026-03-31', 20.00),
('Día de la Mujer', 'Descuentos en productos femeninos', '2026-03-01', '2026-03-08', 15.00),
('Día del Niño', 'Descuentos en juguetes y ropa para niños', '2026-04-01', '2026-04-30', 20.00),
('Día del Trabajo', 'Descuentos en artículos de oficina', '2026-05-01', '2026-05-01', 10.00),
('Halloween 2026', 'Descuentos para disfraces de Halloween', '2026-10-01', '2026-10-31', 20.00),
('Black Friday 2026', 'Descuentos en todos los productos', '2026-11-27', '2026-11-27', 30.00),
('Navidad 2026', 'Descuentos para productos navideños', '2026-12-01', '2026-12-25', 25.00),
('Año Nuevo 2027', 'Descuento de fin de año', '2026-12-26', '2026-12-31', 15.00),
('San Valentín 2027', 'Descuentos en productos románticos', '2027-02-10', '2027-02-14', 20.00),
('Día de la Madre 2027', 'Descuentos especiales para mamá', '2027-05-01', '2027-05-10', 18.00),
('Día del Padre 2027', 'Descuentos en productos masculinos', '2027-06-01', '2027-06-20', 18.00),
('Verano 2027', 'Descuento en artículos de verano', '2027-06-01', '2027-06-30', 20.00),
('Regreso a Clases 2027', 'Descuentos en útiles escolares', '2027-08-01', '2027-08-31', 22.00),
('Otoño 2027', 'Descuentos en artículos de otoño', '2027-09-01', '2027-09-30', 15.00),
('Cyber Monday 2027', 'Descuentos en compras en línea', '2027-11-30', '2027-11-30', 25.00),
('Fiesta de Fin de Año 2027', 'Descuentos en artículos de fiesta', '2027-12-15', '2027-12-31', 20.00),
('Vacaciones de Invierno 2027', 'Descuentos en ropa de invierno', '2027-12-01', '2027-12-31', 20.00);


-- Promociones relacionadas con productos
insert into promociones_productos (id_promocion, id_producto) values
(1, 1),
(1, 2),
(2, 3),
(2, 4),
(3, 5),
(3, 6),
(4, 7),
(4, 8),
(5, 9),
(5, 10),
(6, 11),
(6, 12),
(7, 13),
(7, 14),
(8, 15),
(8, 16),
(9, 17),
(9, 18),
(10, 19),
(10, 20),
(11, 21),
(11, 22),
(12, 23),
(12, 24),
(13, 25),
(13, 26),
(14, 27),
(14, 28),
(15, 29),
(15, 30);

-- Promociones relacionadas con categorías
insert into promociones_categorias (id_promocion, id_categoria) values
(1, 1),
(2, 2),
(3, 3),
(4, 4),
(5, 1),
(6, 2),
(7, 3),
(8, 4),
(9, 1),
(10, 2),
(11, 3),
(12, 4),
(13, 1),
(14, 2),
(15, 3),
(16, 4),
(17, 1),
(18, 2),
(19, 3),
(20, 4),
(21, 1),
(22, 2),
(23, 3),
(24, 4),
(25, 1),
(26, 2),
(27, 3),
(28, 4),
(29, 1),
(30, 2);

-- Promociones relacionadas con clasificaciones
insert into promociones_clasificaciones (id_promocion, id_clasificacion) values
(1, 1),
(2, 2),
(3, 3),
(4, 4),
(5, 1),
(6, 2),
(7, 3),
(8, 4),
(9, 1),
(10, 2),
(11, 3),
(12, 4),
(13, 1),
(14, 2),
(15, 3),
(16, 4),
(17, 1),
(18, 2),
(19, 3),
(20, 4),
(21, 1),
(22, 2),
(23, 3),
(24, 4),
(25, 1),
(26, 2),
(27, 3),
(28, 4),
(29, 1),
(30, 2);

-- Promociones relacionadas con géneros
insert into promociones_generos (id_promocion, id_genero) values
(1, 1),
(2, 2),
(3, 3),
(4, 1),
(5, 2),
(6, 3),
(7, 1),
(8, 2),
(9, 3),
(10, 1),
(11, 2),
(12, 3),
(13, 1),
(14, 2),
(15, 3),
(16, 1),
(17, 2),
(18, 3),
(19, 1),
(20, 2),
(21, 3),
(22, 1),
(23, 2),
(24, 3),
(25, 1),
(26, 2),
(27, 3),
(28, 1),
(29, 2),
(30, 3);

-- Promociones relacionadas con tipos
insert into promociones_tipos (id_promocion, id_tipo) values
(1, 1),
(2, 2),
(3, 3),
(4, 4),
(5, 1),
(6, 2),
(7, 3),
(8, 4),
(9, 1),
(10, 2),
(11, 3),
(12, 4),
(13, 1),
(14, 2),
(15, 3),
(16, 4),
(17, 1),
(18, 2),
(19, 3),
(20, 4),
(21, 1),
(22, 2),
(23, 3),
(24, 4),
(25, 1),
(26, 2),
(27, 3),
(28, 4),
(29, 1),
(30, 2);

insert into ventas_promocion (id_promocion, id_venta) values 
(1, 1),
(2, 2),
(3, 3);

insert into ventas_productos (id_producto, id_venta, cantidad)
values 
    (1, 1, 3),  -- vendemos 3 disfraces de vampiro
    (2, 1, 5);  -- vendemos 5 sombreros de mago

-- asignar tallas para el disfraz vendido
insert into ventas_productos_tallas (cantidad, id_talla, id_venta_producto)
values
    (3, 2, 1); 
    
INSERT INTO ventas (fecha, id_metodo, id_cliente, id_empleado, total_venta) 
VALUES (NOW(), 1, 1, 1, 200.00); -- Suponiendo que no hay suficiente stock


